Method,Name,Error,Occurrences,First Seen,Last Seen
GET,/api/v1/attendance/today,"CatchResponseError('403 权限不足 (请确认 linyuqing 拥有此端点权限): {""success"":false,""data"":null,""error"":{""code"":""PERMISSION_DENIED"",""message"":""当前账号没有执行此操作的权限。""},""trace_id"":""locust-linyuqing-95404492578800""}')",4,2026-07-14T08:53:50Z,2026-07-14T08:54:30Z
GET,/api/v1/attendance/today,"CatchResponseError('403 权限不足 (请确认 linyuqing 拥有此端点权限): {""success"":false,""data"":null,""error"":{""code"":""PERMISSION_DENIED"",""message"":""当前账号没有执行此操作的权限。""},""trace_id"":""locust-linyuqing-95401471011600""}')",5,2026-07-14T08:53:51Z,2026-07-14T08:54:39Z
GET,/api/v1/attendance/today,"CatchResponseError('403 权限不足 (请确认 linyuqing 拥有此端点权限): {""success"":false,""data"":null,""error"":{""code"":""PERMISSION_DENIED"",""message"":""当前账号没有执行此操作的权限。""},""trace_id"":""locust-linyuqing-95409508187900""}')",2,2026-07-14T08:54:08Z,2026-07-14T08:54:31Z
GET,/api/v1/attendance/today,"CatchResponseError('403 权限不足 (请确认 linyuqing 拥有此端点权限): {""success"":false,""data"":null,""error"":{""code"":""PERMISSION_DENIED"",""message"":""当前账号没有执行此操作的权限。""},""trace_id"":""locust-linyuqing-95403489861600""}')",3,2026-07-14T08:54:05Z,2026-07-14T08:54:39Z
GET,/api/v1/attendance/today,"CatchResponseError('403 权限不足 (请确认 linyuqing 拥有此端点权限): {""success"":false,""data"":null,""error"":{""code"":""PERMISSION_DENIED"",""message"":""当前账号没有执行此操作的权限。""},""trace_id"":""locust-linyuqing-95406498619000""}')",4,2026-07-14T08:54:13Z,2026-07-14T08:54:37Z
GET,/api/v1/attendance/today,"CatchResponseError('403 权限不足 (请确认 linyuqing 拥有此端点权限): {""success"":false,""data"":null,""error"":{""code"":""PERMISSION_DENIED"",""message"":""当前账号没有执行此操作的权限。""},""trace_id"":""locust-linyuqing-95406498133800""}')",5,2026-07-14T08:54:03Z,2026-07-14T08:54:38Z
GET,/api/v1/attendance/today,"CatchResponseError('403 权限不足 (请确认 linyuqing 拥有此端点权限): {""success"":false,""data"":null,""error"":{""code"":""PERMISSION_DENIED"",""message"":""当前账号没有执行此操作的权限。""},""trace_id"":""locust-linyuqing-95407504130200""}')",7,2026-07-14T08:53:49Z,2026-07-14T08:54:39Z
GET,/api/v1/attendance/today,"CatchResponseError('403 权限不足 (请确认 linyuqing 拥有此端点权限): {""success"":false,""data"":null,""error"":{""code"":""PERMISSION_DENIED"",""message"":""当前账号没有执行此操作的权限。""},""trace_id"":""locust-linyuqing-95405496522100""}')",4,2026-07-14T08:53:50Z,2026-07-14T08:54:29Z
GET,/api/v1/attendance/today,"CatchResponseError('403 权限不足 (请确认 linyuqing 拥有此端点权限): {""success"":false,""data"":null,""error"":{""code"":""PERMISSION_DENIED"",""message"":""当前账号没有执行此操作的权限。""},""trace_id"":""locust-linyuqing-95404493504100""}')",3,2026-07-14T08:54:06Z,2026-07-14T08:54:25Z
GET,/api/v1/attendance/today,"CatchResponseError('403 权限不足 (请确认 linyuqing 拥有此端点权限): {""success"":false,""data"":null,""error"":{""code"":""PERMISSION_DENIED"",""message"":""当前账号没有执行此操作的权限。""},""trace_id"":""locust-linyuqing-95402477948800""}')",3,2026-07-14T08:53:49Z,2026-07-14T08:54:31Z
GET,/api/v1/attendance/today,"CatchResponseError('403 权限不足 (请确认 linyuqing 拥有此端点权限): {""success"":false,""data"":null,""error"":{""code"":""PERMISSION_DENIED"",""message"":""当前账号没有执行此操作的权限。""},""trace_id"":""locust-linyuqing-95403487058200""}')",3,2026-07-14T08:53:53Z,2026-07-14T08:54:04Z
GET,/api/v1/attendance/today,"CatchResponseError('403 权限不足 (请确认 linyuqing 拥有此端点权限): {""success"":false,""data"":null,""error"":{""code"":""PERMISSION_DENIED"",""message"":""当前账号没有执行此操作的权限。""},""trace_id"":""locust-linyuqing-95402476105300""}')",3,2026-07-14T08:54:11Z,2026-07-14T08:54:40Z
GET,/api/v1/attendance/today,"CatchResponseError('403 权限不足 (请确认 linyuqing 拥有此端点权限): {""success"":false,""data"":null,""error"":{""code"":""PERMISSION_DENIED"",""message"":""当前账号没有执行此操作的权限。""},""trace_id"":""locust-linyuqing-95404492088000""}')",1,2026-07-14T08:54:15Z,2026-07-14T08:54:15Z
GET,/api/v1/attendance/today,"CatchResponseError('403 权限不足 (请确认 linyuqing 拥有此端点权限): {""success"":false,""data"":null,""error"":{""code"":""PERMISSION_DENIED"",""message"":""当前账号没有执行此操作的权限。""},""trace_id"":""locust-linyuqing-95402481802900""}')",4,2026-07-14T08:53:57Z,2026-07-14T08:54:30Z
GET,/api/v1/attendance/today,"CatchResponseError('403 权限不足 (请确认 linyuqing 拥有此端点权限): {""success"":false,""data"":null,""error"":{""code"":""PERMISSION_DENIED"",""message"":""当前账号没有执行此操作的权限。""},""trace_id"":""locust-linyuqing-95406500810000""}')",4,2026-07-14T08:54:10Z,2026-07-14T08:54:38Z
GET,/api/v1/attendance/today,"CatchResponseError('403 权限不足 (请确认 linyuqing 拥有此端点权限): {""success"":false,""data"":null,""error"":{""code"":""PERMISSION_DENIED"",""message"":""当前账号没有执行此操作的权限。""},""trace_id"":""locust-linyuqing-95409502470700""}')",7,2026-07-14T08:53:52Z,2026-07-14T08:54:38Z
GET,/api/v1/attendance/today,"CatchResponseError('403 权限不足 (请确认 linyuqing 拥有此端点权限): {""success"":false,""data"":null,""error"":{""code"":""PERMISSION_DENIED"",""message"":""当前账号没有执行此操作的权限。""},""trace_id"":""locust-linyuqing-95408503549100""}')",3,2026-07-14T08:54:07Z,2026-07-14T08:54:33Z
GET,/api/v1/attendance/today,"CatchResponseError('403 权限不足 (请确认 linyuqing 拥有此端点权限): {""success"":false,""data"":null,""error"":{""code"":""PERMISSION_DENIED"",""message"":""当前账号没有执行此操作的权限。""},""trace_id"":""locust-linyuqing-95402482729500""}')",2,2026-07-14T08:54:26Z,2026-07-14T08:54:31Z
GET,/api/v1/attendance/today,"CatchResponseError('403 权限不足 (请确认 linyuqing 拥有此端点权限): {""success"":false,""data"":null,""error"":{""code"":""PERMISSION_DENIED"",""message"":""当前账号没有执行此操作的权限。""},""trace_id"":""locust-linyuqing-95407506137100""}')",4,2026-07-14T08:54:21Z,2026-07-14T08:54:39Z
GET,/api/v1/attendance/today,"CatchResponseError('403 权限不足 (请确认 linyuqing 拥有此端点权限): {""success"":false,""data"":null,""error"":{""code"":""PERMISSION_DENIED"",""message"":""当前账号没有执行此操作的权限。""},""trace_id"":""locust-linyuqing-95401470502200""}')",6,2026-07-14T08:53:47Z,2026-07-14T08:54:26Z
GET,/api/v1/attendance/today,"CatchResponseError('403 权限不足 (请确认 linyuqing 拥有此端点权限): {""success"":false,""data"":null,""error"":{""code"":""PERMISSION_DENIED"",""message"":""当前账号没有执行此操作的权限。""},""trace_id"":""locust-linyuqing-95403490291900""}')",3,2026-07-14T08:54:10Z,2026-07-14T08:54:30Z
GET,/api/v1/attendance/today,"CatchResponseError('403 权限不足 (请确认 linyuqing 拥有此端点权限): {""success"":false,""data"":null,""error"":{""code"":""PERMISSION_DENIED"",""message"":""当前账号没有执行此操作的权限。""},""trace_id"":""locust-linyuqing-95406500353500""}')",4,2026-07-14T08:54:23Z,2026-07-14T08:54:38Z
GET,/api/v1/attendance/today,"CatchResponseError('403 权限不足 (请确认 linyuqing 拥有此端点权限): {""success"":false,""data"":null,""error"":{""code"":""PERMISSION_DENIED"",""message"":""当前账号没有执行此操作的权限。""},""trace_id"":""locust-linyuqing-95407505251300""}')",5,2026-07-14T08:53:49Z,2026-07-14T08:54:35Z
GET,/api/v1/attendance/today,"CatchResponseError('403 权限不足 (请确认 linyuqing 拥有此端点权限): {""success"":false,""data"":null,""error"":{""code"":""PERMISSION_DENIED"",""message"":""当前账号没有执行此操作的权限。""},""trace_id"":""locust-linyuqing-95401471508100""}')",7,2026-07-14T08:53:52Z,2026-07-14T08:54:33Z
GET,/api/v1/attendance/today,"CatchResponseError('403 权限不足 (请确认 linyuqing 拥有此端点权限): {""success"":false,""data"":null,""error"":{""code"":""PERMISSION_DENIED"",""message"":""当前账号没有执行此操作的权限。""},""trace_id"":""locust-linyuqing-95407499934700""}')",4,2026-07-14T08:53:51Z,2026-07-14T08:54:14Z
GET,/api/v1/attendance/today,"CatchResponseError('403 权限不足 (请确认 linyuqing 拥有此端点权限): {""success"":false,""data"":null,""error"":{""code"":""PERMISSION_DENIED"",""message"":""当前账号没有执行此操作的权限。""},""trace_id"":""locust-linyuqing-95405500446200""}')",5,2026-07-14T08:53:47Z,2026-07-14T08:54:29Z
GET,/api/v1/attendance/today,"CatchResponseError('403 权限不足 (请确认 linyuqing 拥有此端点权限): {""success"":false,""data"":null,""error"":{""code"":""PERMISSION_DENIED"",""message"":""当前账号没有执行此操作的权限。""},""trace_id"":""locust-linyuqing-95400480460500""}')",3,2026-07-14T08:53:50Z,2026-07-14T08:53:57Z
GET,/api/v1/attendance/today,"CatchResponseError('403 权限不足 (请确认 linyuqing 拥有此端点权限): {""success"":false,""data"":null,""error"":{""code"":""PERMISSION_DENIED"",""message"":""当前账号没有执行此操作的权限。""},""trace_id"":""locust-linyuqing-95403486034000""}')",6,2026-07-14T08:54:01Z,2026-07-14T08:54:33Z
GET,/api/v1/attendance/today,"CatchResponseError('403 权限不足 (请确认 linyuqing 拥有此端点权限): {""success"":false,""data"":null,""error"":{""code"":""PERMISSION_DENIED"",""message"":""当前账号没有执行此操作的权限。""},""trace_id"":""locust-linyuqing-95400479095500""}')",7,2026-07-14T08:53:42Z,2026-07-14T08:54:35Z
GET,/api/v1/attendance/today,"CatchResponseError('403 权限不足 (请确认 linyuqing 拥有此端点权限): {""success"":false,""data"":null,""error"":{""code"":""PERMISSION_DENIED"",""message"":""当前账号没有执行此操作的权限。""},""trace_id"":""locust-linyuqing-95407501029600""}')",3,2026-07-14T08:53:56Z,2026-07-14T08:54:35Z
GET,/api/v1/attendance/today,"CatchResponseError('403 权限不足 (请确认 linyuqing 拥有此端点权限): {""success"":false,""data"":null,""error"":{""code"":""PERMISSION_DENIED"",""message"":""当前账号没有执行此操作的权限。""},""trace_id"":""locust-linyuqing-95401474821200""}')",3,2026-07-14T08:53:59Z,2026-07-14T08:54:37Z
GET,/api/v1/attendance/today,"CatchResponseError('403 权限不足 (请确认 linyuqing 拥有此端点权限): {""success"":false,""data"":null,""error"":{""code"":""PERMISSION_DENIED"",""message"":""当前账号没有执行此操作的权限。""},""trace_id"":""locust-linyuqing-95404494943600""}')",4,2026-07-14T08:53:47Z,2026-07-14T08:54:30Z
GET,/api/v1/attendance/today,"CatchResponseError('403 权限不足 (请确认 linyuqing 拥有此端点权限): {""success"":false,""data"":null,""error"":{""code"":""PERMISSION_DENIED"",""message"":""当前账号没有执行此操作的权限。""},""trace_id"":""locust-linyuqing-95407502146700""}')",1,2026-07-14T08:54:25Z,2026-07-14T08:54:25Z
GET,/api/v1/attendance/today,"CatchResponseError('403 权限不足 (请确认 linyuqing 拥有此端点权限): {""success"":false,""data"":null,""error"":{""code"":""PERMISSION_DENIED"",""message"":""当前账号没有执行此操作的权限。""},""trace_id"":""locust-linyuqing-95404491535400""}')",4,2026-07-14T08:54:13Z,2026-07-14T08:54:39Z
GET,/api/v1/attendance/today,"CatchResponseError('403 权限不足 (请确认 linyuqing 拥有此端点权限): {""success"":false,""data"":null,""error"":{""code"":""PERMISSION_DENIED"",""message"":""当前账号没有执行此操作的权限。""},""trace_id"":""locust-linyuqing-95400482479600""}')",4,2026-07-14T08:53:56Z,2026-07-14T08:54:21Z
GET,/api/v1/attendance/today,"CatchResponseError('403 权限不足 (请确认 linyuqing 拥有此端点权限): {""success"":false,""data"":null,""error"":{""code"":""PERMISSION_DENIED"",""message"":""当前账号没有执行此操作的权限。""},""trace_id"":""locust-linyuqing-95403490732400""}')",3,2026-07-14T08:53:48Z,2026-07-14T08:54:36Z
GET,/api/v1/attendance/today,"CatchResponseError('403 权限不足 (请确认 linyuqing 拥有此端点权限): {""success"":false,""data"":null,""error"":{""code"":""PERMISSION_DENIED"",""message"":""当前账号没有执行此操作的权限。""},""trace_id"":""locust-linyuqing-95407503203700""}')",1,2026-07-14T08:54:19Z,2026-07-14T08:54:19Z
GET,/api/v1/attendance/today,"CatchResponseError('403 权限不足 (请确认 linyuqing 拥有此端点权限): {""success"":false,""data"":null,""error"":{""code"":""PERMISSION_DENIED"",""message"":""当前账号没有执行此操作的权限。""},""trace_id"":""locust-linyuqing-95404494492400""}')",5,2026-07-14T08:53:47Z,2026-07-14T08:54:38Z
GET,/api/v1/attendance/today,"CatchResponseError('403 权限不足 (请确认 linyuqing 拥有此端点权限): {""success"":false,""data"":null,""error"":{""code"":""PERMISSION_DENIED"",""message"":""当前账号没有执行此操作的权限。""},""trace_id"":""locust-linyuqing-95404493040100""}')",4,2026-07-14T08:54:09Z,2026-07-14T08:54:33Z
GET,/api/v1/attendance/today,"CatchResponseError('403 权限不足 (请确认 linyuqing 拥有此端点权限): {""success"":false,""data"":null,""error"":{""code"":""PERMISSION_DENIED"",""message"":""当前账号没有执行此操作的权限。""},""trace_id"":""locust-linyuqing-95409501289500""}')",3,2026-07-14T08:54:01Z,2026-07-14T08:54:31Z
GET,/api/v1/attendance/today,"CatchResponseError('403 权限不足 (请确认 linyuqing 拥有此端点权限): {""success"":false,""data"":null,""error"":{""code"":""PERMISSION_DENIED"",""message"":""当前账号没有执行此操作的权限。""},""trace_id"":""locust-linyuqing-95409503607200""}')",1,2026-07-14T08:54:21Z,2026-07-14T08:54:21Z
GET,/api/v1/attendance/today,"CatchResponseError('403 权限不足 (请确认 linyuqing 拥有此端点权限): {""success"":false,""data"":null,""error"":{""code"":""PERMISSION_DENIED"",""message"":""当前账号没有执行此操作的权限。""},""trace_id"":""locust-linyuqing-95409504334300""}')",4,2026-07-14T08:54:13Z,2026-07-14T08:54:38Z
GET,/api/v1/attendance/today,"CatchResponseError('403 权限不足 (请确认 linyuqing 拥有此端点权限): {""success"":false,""data"":null,""error"":{""code"":""PERMISSION_DENIED"",""message"":""当前账号没有执行此操作的权限。""},""trace_id"":""locust-linyuqing-95406499885600""}')",4,2026-07-14T08:53:48Z,2026-07-14T08:54:28Z
GET,/api/v1/attendance/today,"CatchResponseError('403 权限不足 (请确认 linyuqing 拥有此端点权限): {""success"":false,""data"":null,""error"":{""code"":""PERMISSION_DENIED"",""message"":""当前账号没有执行此操作的权限。""},""trace_id"":""locust-linyuqing-95407500552700""}')",1,2026-07-14T08:54:40Z,2026-07-14T08:54:40Z
GET,/api/v1/attendance/today,"CatchResponseError('403 权限不足 (请确认 linyuqing 拥有此端点权限): {""success"":false,""data"":null,""error"":{""code"":""PERMISSION_DENIED"",""message"":""当前账号没有执行此操作的权限。""},""trace_id"":""locust-linyuqing-95408504080800""}')",1,2026-07-14T08:53:58Z,2026-07-14T08:53:58Z
GET,/api/v1/attendance/today,"CatchResponseError('403 权限不足 (请确认 linyuqing 拥有此端点权限): {""success"":false,""data"":null,""error"":{""code"":""PERMISSION_DENIED"",""message"":""当前账号没有执行此操作的权限。""},""trace_id"":""locust-linyuqing-95401471965800""}')",2,2026-07-14T08:54:09Z,2026-07-14T08:54:40Z
GET,/api/v1/attendance/today,"CatchResponseError('403 权限不足 (请确认 linyuqing 拥有此端点权限): {""success"":false,""data"":null,""error"":{""code"":""PERMISSION_DENIED"",""message"":""当前账号没有执行此操作的权限。""},""trace_id"":""locust-linyuqing-95405501444300""}')",5,2026-07-14T08:54:06Z,2026-07-14T08:54:33Z
GET,/api/v1/attendance/today,"CatchResponseError('403 权限不足 (请确认 linyuqing 拥有此端点权限): {""success"":false,""data"":null,""error"":{""code"":""PERMISSION_DENIED"",""message"":""当前账号没有执行此操作的权限。""},""trace_id"":""locust-linyuqing-95408500650800""}')",1,2026-07-14T08:54:40Z,2026-07-14T08:54:40Z
GET,/api/v1/attendance/today,"CatchResponseError('403 权限不足 (请确认 linyuqing 拥有此端点权限): {""success"":false,""data"":null,""error"":{""code"":""PERMISSION_DENIED"",""message"":""当前账号没有执行此操作的权限。""},""trace_id"":""locust-linyuqing-95400462740600""}')",3,2026-07-14T08:53:42Z,2026-07-14T08:54:01Z
GET,/api/v1/attendance/today,"CatchResponseError('403 权限不足 (请确认 linyuqing 拥有此端点权限): {""success"":false,""data"":null,""error"":{""code"":""PERMISSION_DENIED"",""message"":""当前账号没有执行此操作的权限。""},""trace_id"":""locust-linyuqing-95404494010100""}')",6,2026-07-14T08:53:46Z,2026-07-14T08:54:35Z
GET,/api/v1/attendance/today,"CatchResponseError('403 权限不足 (请确认 linyuqing 拥有此端点权限): {""success"":false,""data"":null,""error"":{""code"":""PERMISSION_DENIED"",""message"":""当前账号没有执行此操作的权限。""},""trace_id"":""locust-linyuqing-95405501928500""}')",3,2026-07-14T08:54:23Z,2026-07-14T08:54:32Z
GET,/api/v1/attendance/today,"CatchResponseError('403 权限不足 (请确认 linyuqing 拥有此端点权限): {""success"":false,""data"":null,""error"":{""code"":""PERMISSION_DENIED"",""message"":""当前账号没有执行此操作的权限。""},""trace_id"":""locust-linyuqing-95401473262800""}')",5,2026-07-14T08:53:47Z,2026-07-14T08:54:12Z
GET,/api/v1/attendance/today,"CatchResponseError('403 权限不足 (请确认 linyuqing 拥有此端点权限): {""success"":false,""data"":null,""error"":{""code"":""PERMISSION_DENIED"",""message"":""当前账号没有执行此操作的权限。""},""trace_id"":""locust-linyuqing-95409506417100""}')",6,2026-07-14T08:54:00Z,2026-07-14T08:54:35Z
GET,/api/v1/attendance/today,"CatchResponseError('403 权限不足 (请确认 linyuqing 拥有此端点权限): {""success"":false,""data"":null,""error"":{""code"":""PERMISSION_DENIED"",""message"":""当前账号没有执行此操作的权限。""},""trace_id"":""locust-linyuqing-95400481923200""}')",2,2026-07-14T08:54:03Z,2026-07-14T08:54:21Z
GET,/api/v1/attendance/today,"CatchResponseError('403 权限不足 (请确认 linyuqing 拥有此端点权限): {""success"":false,""data"":null,""error"":{""code"":""PERMISSION_DENIED"",""message"":""当前账号没有执行此操作的权限。""},""trace_id"":""locust-linyuqing-95404496700100""}')",3,2026-07-14T08:53:49Z,2026-07-14T08:54:35Z
GET,/api/v1/attendance/today,"CatchResponseError('403 权限不足 (请确认 linyuqing 拥有此端点权限): {""success"":false,""data"":null,""error"":{""code"":""PERMISSION_DENIED"",""message"":""当前账号没有执行此操作的权限。""},""trace_id"":""locust-linyuqing-95401475532500""}')",5,2026-07-14T08:53:43Z,2026-07-14T08:54:33Z
GET,/api/v1/attendance/today,"CatchResponseError('403 权限不足 (请确认 linyuqing 拥有此端点权限): {""success"":false,""data"":null,""error"":{""code"":""PERMISSION_DENIED"",""message"":""当前账号没有执行此操作的权限。""},""trace_id"":""locust-linyuqing-95408502864800""}')",7,2026-07-14T08:53:57Z,2026-07-14T08:54:31Z
GET,/api/v1/attendance/today,"CatchResponseError('403 权限不足 (请确认 linyuqing 拥有此端点权限): {""success"":false,""data"":null,""error"":{""code"":""PERMISSION_DENIED"",""message"":""当前账号没有执行此操作的权限。""},""trace_id"":""locust-linyuqing-95401469837500""}')",5,2026-07-14T08:54:18Z,2026-07-14T08:54:36Z
GET,/api/v1/attendance/today,"CatchResponseError('403 权限不足 (请确认 linyuqing 拥有此端点权限): {""success"":false,""data"":null,""error"":{""code"":""PERMISSION_DENIED"",""message"":""当前账号没有执行此操作的权限。""},""trace_id"":""locust-linyuqing-95409500633800""}')",5,2026-07-14T08:53:54Z,2026-07-14T08:54:39Z
GET,/api/v1/attendance/today,"CatchResponseError('403 权限不足 (请确认 linyuqing 拥有此端点权限): {""success"":false,""data"":null,""error"":{""code"":""PERMISSION_DENIED"",""message"":""当前账号没有执行此操作的权限。""},""trace_id"":""locust-linyuqing-95405497809500""}')",1,2026-07-14T08:54:15Z,2026-07-14T08:54:15Z
GET,/api/v1/attendance/today,"CatchResponseError('403 权限不足 (请确认 linyuqing 拥有此端点权限): {""success"":false,""data"":null,""error"":{""code"":""PERMISSION_DENIED"",""message"":""当前账号没有执行此操作的权限。""},""trace_id"":""locust-linyuqing-95403488525100""}')",7,2026-07-14T08:53:55Z,2026-07-14T08:54:38Z
GET,/api/v1/attendance/today,"CatchResponseError('403 权限不足 (请确认 linyuqing 拥有此端点权限): {""success"":false,""data"":null,""error"":{""code"":""PERMISSION_DENIED"",""message"":""当前账号没有执行此操作的权限。""},""trace_id"":""locust-linyuqing-95407501488400""}')",3,2026-07-14T08:53:49Z,2026-07-14T08:54:30Z
GET,/api/v1/attendance/today,"CatchResponseError('403 权限不足 (请确认 linyuqing 拥有此端点权限): {""success"":false,""data"":null,""error"":{""code"":""PERMISSION_DENIED"",""message"":""当前账号没有执行此操作的权限。""},""trace_id"":""locust-linyuqing-95408498607300""}')",7,2026-07-14T08:53:57Z,2026-07-14T08:54:38Z
GET,/api/v1/attendance/today,"CatchResponseError('403 权限不足 (请确认 linyuqing 拥有此端点权限): {""success"":false,""data"":null,""error"":{""code"":""PERMISSION_DENIED"",""message"":""当前账号没有执行此操作的权限。""},""trace_id"":""locust-linyuqing-95402479756300""}')",1,2026-07-14T08:54:16Z,2026-07-14T08:54:16Z
GET,/api/v1/attendance/today,"CatchResponseError('403 权限不足 (请确认 linyuqing 拥有此端点权限): {""success"":false,""data"":null,""error"":{""code"":""PERMISSION_DENIED"",""message"":""当前账号没有执行此操作的权限。""},""trace_id"":""locust-linyuqing-95409507459600""}')",4,2026-07-14T08:53:51Z,2026-07-14T08:54:20Z
GET,/api/v1/attendance/today,"CatchResponseError('403 权限不足 (请确认 linyuqing 拥有此端点权限): {""success"":false,""data"":null,""error"":{""code"":""PERMISSION_DENIED"",""message"":""当前账号没有执行此操作的权限。""},""trace_id"":""locust-linyuqing-95402480847700""}')",4,2026-07-14T08:53:44Z,2026-07-14T08:54:12Z
GET,/api/v1/attendance/today,"CatchResponseError('403 权限不足 (请确认 linyuqing 拥有此端点权限): {""success"":false,""data"":null,""error"":{""code"":""PERMISSION_DENIED"",""message"":""当前账号没有执行此操作的权限。""},""trace_id"":""locust-linyuqing-95405502399400""}')",4,2026-07-14T08:53:47Z,2026-07-14T08:54:34Z
GET,/api/v1/attendance/today,"CatchResponseError('403 权限不足 (请确认 linyuqing 拥有此端点权限): {""success"":false,""data"":null,""error"":{""code"":""PERMISSION_DENIED"",""message"":""当前账号没有执行此操作的权限。""},""trace_id"":""locust-linyuqing-95406501681200""}')",2,2026-07-14T08:53:52Z,2026-07-14T08:54:20Z
GET,/api/v1/attendance/today,"CatchResponseError('403 权限不足 (请确认 linyuqing 拥有此端点权限): {""success"":false,""data"":null,""error"":{""code"":""PERMISSION_DENIED"",""message"":""当前账号没有执行此操作的权限。""},""trace_id"":""locust-linyuqing-95402478705300""}')",2,2026-07-14T08:54:16Z,2026-07-14T08:54:29Z
GET,/api/v1/attendance/today,"CatchResponseError('403 权限不足 (请确认 linyuqing 拥有此端点权限): {""success"":false,""data"":null,""error"":{""code"":""PERMISSION_DENIED"",""message"":""当前账号没有执行此操作的权限。""},""trace_id"":""locust-linyuqing-95408500093600""}')",3,2026-07-14T08:53:59Z,2026-07-14T08:54:28Z
GET,/api/v1/attendance/today,"CatchResponseError('403 权限不足 (请确认 linyuqing 拥有此端点权限): {""success"":false,""data"":null,""error"":{""code"":""PERMISSION_DENIED"",""message"":""当前账号没有执行此操作的权限。""},""trace_id"":""locust-linyuqing-95403487620700""}')",6,2026-07-14T08:53:49Z,2026-07-14T08:54:26Z
GET,/api/v1/attendance/today,"CatchResponseError('403 权限不足 (请确认 linyuqing 拥有此端点权限): {""success"":false,""data"":null,""error"":{""code"":""PERMISSION_DENIED"",""message"":""当前账号没有执行此操作的权限。""},""trace_id"":""locust-linyuqing-95404495649700""}')",6,2026-07-14T08:53:54Z,2026-07-14T08:54:29Z
GET,/api/v1/attendance/today,"CatchResponseError('403 权限不足 (请确认 linyuqing 拥有此端点权限): {""success"":false,""data"":null,""error"":{""code"":""PERMISSION_DENIED"",""message"":""当前账号没有执行此操作的权限。""},""trace_id"":""locust-linyuqing-95403488067000""}')",5,2026-07-14T08:53:53Z,2026-07-14T08:54:34Z
GET,/api/v1/attendance/today,"CatchResponseError('403 权限不足 (请确认 linyuqing 拥有此端点权限): {""success"":false,""data"":null,""error"":{""code"":""PERMISSION_DENIED"",""message"":""当前账号没有执行此操作的权限。""},""trace_id"":""locust-linyuqing-95400478343800""}')",5,2026-07-14T08:53:45Z,2026-07-14T08:54:25Z
GET,/api/v1/attendance/today,"CatchResponseError('403 权限不足 (请确认 linyuqing 拥有此端点权限): {""success"":false,""data"":null,""error"":{""code"":""PERMISSION_DENIED"",""message"":""当前账号没有执行此操作的权限。""},""trace_id"":""locust-linyuqing-95409505609300""}')",7,2026-07-14T08:53:56Z,2026-07-14T08:54:36Z
GET,/api/v1/attendance/today,"CatchResponseError('403 权限不足 (请确认 linyuqing 拥有此端点权限): {""success"":false,""data"":null,""error"":{""code"":""PERMISSION_DENIED"",""message"":""当前账号没有执行此操作的权限。""},""trace_id"":""locust-linyuqing-95405497238600""}')",3,2026-07-14T08:53:49Z,2026-07-14T08:54:15Z
GET,/api/v1/attendance/today,"CatchResponseError('403 权限不足 (请确认 linyuqing 拥有此端点权限): {""success"":false,""data"":null,""error"":{""code"":""PERMISSION_DENIED"",""message"":""当前账号没有执行此操作的权限。""},""trace_id"":""locust-linyuqing-95406499312800""}')",2,2026-07-14T08:54:36Z,2026-07-14T08:54:38Z
GET,/api/v1/attendance/today,"CatchResponseError('403 权限不足 (请确认 linyuqing 拥有此端点权限): {""success"":false,""data"":null,""error"":{""code"":""PERMISSION_DENIED"",""message"":""当前账号没有执行此操作的权限。""},""trace_id"":""locust-linyuqing-95400481323800""}')",4,2026-07-14T08:54:12Z,2026-07-14T08:54:33Z
GET,/api/v1/attendance/today,"CatchResponseError('403 权限不足 (请确认 linyuqing 拥有此端点权限): {""success"":false,""data"":null,""error"":{""code"":""PERMISSION_DENIED"",""message"":""当前账号没有执行此操作的权限。""},""trace_id"":""locust-linyuqing-95406502289600""}')",3,2026-07-14T08:54:11Z,2026-07-14T08:54:22Z
GET,/api/v1/attendance/today,"CatchResponseError('403 权限不足 (请确认 linyuqing 拥有此端点权限): {""success"":false,""data"":null,""error"":{""code"":""PERMISSION_DENIED"",""message"":""当前账号没有执行此操作的权限。""},""trace_id"":""locust-linyuqing-95402475443700""}')",2,2026-07-14T08:54:22Z,2026-07-14T08:54:39Z
GET,/api/v1/attendance/today,"CatchResponseError('403 权限不足 (请确认 linyuqing 拥有此端点权限): {""success"":false,""data"":null,""error"":{""code"":""PERMISSION_DENIED"",""message"":""当前账号没有执行此操作的权限。""},""trace_id"":""locust-linyuqing-95403488987100""}')",2,2026-07-14T08:54:01Z,2026-07-14T08:54:30Z
GET,/api/v1/attendance/today,"CatchResponseError('403 权限不足 (请确认 linyuqing 拥有此端点权限): {""success"":false,""data"":null,""error"":{""code"":""PERMISSION_DENIED"",""message"":""当前账号没有执行此操作的权限。""},""trace_id"":""locust-linyuqing-95409504924900""}')",1,2026-07-14T08:53:51Z,2026-07-14T08:53:51Z
GET,/api/v1/attendance/today,"CatchResponseError('403 权限不足 (请确认 linyuqing 拥有此端点权限): {""success"":false,""data"":null,""error"":{""code"":""PERMISSION_DENIED"",""message"":""当前账号没有执行此操作的权限。""},""trace_id"":""locust-linyuqing-95402476604900""}')",2,2026-07-14T08:53:51Z,2026-07-14T08:54:14Z
GET,/api/v1/attendance/today,"CatchResponseError('403 权限不足 (请确认 linyuqing 拥有此端点权限): {""success"":false,""data"":null,""error"":{""code"":""PERMISSION_DENIED"",""message"":""当前账号没有执行此操作的权限。""},""trace_id"":""locust-linyuqing-95408505084900""}')",4,2026-07-14T08:53:55Z,2026-07-14T08:54:36Z
GET,/api/v1/attendance/today,"CatchResponseError('403 权限不足 (请确认 linyuqing 拥有此端点权限): {""success"":false,""data"":null,""error"":{""code"":""PERMISSION_DENIED"",""message"":""当前账号没有执行此操作的权限。""},""trace_id"":""locust-linyuqing-95408502122700""}')",2,2026-07-14T08:54:23Z,2026-07-14T08:54:37Z
GET,/api/v1/attendance/today,"CatchResponseError('403 权限不足 (请确认 linyuqing 拥有此端点权限): {""success"":false,""data"":null,""error"":{""code"":""PERMISSION_DENIED"",""message"":""当前账号没有执行此操作的权限。""},""trace_id"":""locust-linyuqing-95407506902100""}')",4,2026-07-14T08:53:50Z,2026-07-14T08:54:26Z
GET,/api/v1/attendance/today,"CatchResponseError('403 权限不足 (请确认 linyuqing 拥有此端点权限): {""success"":false,""data"":null,""error"":{""code"":""PERMISSION_DENIED"",""message"":""当前账号没有执行此操作的权限。""},""trace_id"":""locust-linyuqing-95400483003500""}')",5,2026-07-14T08:53:58Z,2026-07-14T08:54:38Z
GET,/api/v1/attendance/today,"CatchResponseError('403 权限不足 (请确认 linyuqing 拥有此端点权限): {""success"":false,""data"":null,""error"":{""code"":""PERMISSION_DENIED"",""message"":""当前账号没有执行此操作的权限。""},""trace_id"":""locust-linyuqing-95401476191200""}')",4,2026-07-14T08:53:47Z,2026-07-14T08:54:35Z
GET,/api/v1/attendance/today,"CatchResponseError('403 权限不足 (请确认 linyuqing 拥有此端点权限): {""success"":false,""data"":null,""error"":{""code"":""PERMISSION_DENIED"",""message"":""当前账号没有执行此操作的权限。""},""trace_id"":""locust-linyuqing-95403489433300""}')",2,2026-07-14T08:54:08Z,2026-07-14T08:54:38Z
GET,/api/v1/attendance/today,"CatchResponseError('403 权限不足 (请确认 linyuqing 拥有此端点权限): {""success"":false,""data"":null,""error"":{""code"":""PERMISSION_DENIED"",""message"":""当前账号没有执行此操作的权限。""},""trace_id"":""locust-linyuqing-95400479679100""}')",3,2026-07-14T08:54:02Z,2026-07-14T08:54:16Z
GET,/api/v1/attendance/today,"CatchResponseError('403 权限不足 (请确认 linyuqing 拥有此端点权限): {""success"":false,""data"":null,""error"":{""code"":""PERMISSION_DENIED"",""message"":""当前账号没有执行此操作的权限。""},""trace_id"":""locust-linyuqing-95400477526500""}')",2,2026-07-14T08:53:48Z,2026-07-14T08:54:21Z
GET,/api/v1/attendance/today,"CatchResponseError('403 权限不足 (请确认 linyuqing 拥有此端点权限): {""success"":false,""data"":null,""error"":{""code"":""PERMISSION_DENIED"",""message"":""当前账号没有执行此操作的权限。""},""trace_id"":""locust-linyuqing-95405498913000""}')",6,2026-07-14T08:53:51Z,2026-07-14T08:54:24Z
GET,/api/v1/attendance/today,"CatchResponseError('403 权限不足 (请确认 linyuqing 拥有此端点权限): {""success"":false,""data"":null,""error"":{""code"":""PERMISSION_DENIED"",""message"":""当前账号没有执行此操作的权限。""},""trace_id"":""locust-linyuqing-95408501340600""}')",3,2026-07-14T08:54:21Z,2026-07-14T08:54:40Z
GET,/api/v1/attendance/today,"CatchResponseError('403 权限不足 (请确认 linyuqing 拥有此端点权限): {""success"":false,""data"":null,""error"":{""code"":""PERMISSION_DENIED"",""message"":""当前账号没有执行此操作的权限。""},""trace_id"":""locust-linyuqing-95406496950900""}')",5,2026-07-14T08:53:51Z,2026-07-14T08:54:38Z
GET,/api/v1/attendance/today,"CatchResponseError('403 权限不足 (请确认 linyuqing 拥有此端点权限): {""success"":false,""data"":null,""error"":{""code"":""PERMISSION_DENIED"",""message"":""当前账号没有执行此操作的权限。""},""trace_id"":""locust-linyuqing-95405498318100""}')",4,2026-07-14T08:53:48Z,2026-07-14T08:54:32Z
GET,/api/v1/attendance/today,"CatchResponseError('403 权限不足 (请确认 linyuqing 拥有此端点权限): {""success"":false,""data"":null,""error"":{""code"":""PERMISSION_DENIED"",""message"":""当前账号没有执行此操作的权限。""},""trace_id"":""locust-linyuqing-95406497627900""}')",4,2026-07-14T08:54:04Z,2026-07-14T08:54:29Z
GET,/api/v1/attendance/today,"CatchResponseError('403 权限不足 (请确认 linyuqing 拥有此端点权限): {""success"":false,""data"":null,""error"":{""code"":""PERMISSION_DENIED"",""message"":""当前账号没有执行此操作的权限。""},""trace_id"":""locust-linyuqing-95408504596100""}')",5,2026-07-14T08:53:50Z,2026-07-14T08:54:32Z
GET,/api/v1/attendance/today,"CatchResponseError('403 权限不足 (请确认 linyuqing 拥有此端点权限): {""success"":false,""data"":null,""error"":{""code"":""PERMISSION_DENIED"",""message"":""当前账号没有执行此操作的权限。""},""trace_id"":""locust-linyuqing-95405499673300""}')",5,2026-07-14T08:53:56Z,2026-07-14T08:54:26Z
GET,/api/v1/attendance/today,"CatchResponseError('403 权限不足 (请确认 linyuqing 拥有此端点权限): {""success"":false,""data"":null,""error"":{""code"":""PERMISSION_DENIED"",""message"":""当前账号没有执行此操作的权限。""},""trace_id"":""locust-linyuqing-95401474078500""}')",8,2026-07-14T08:53:48Z,2026-07-14T08:54:37Z
